id,title,url,duration,tabs,source_name,source_key,matched_topics,queue_score
ozfRldd0pZI,"¡TOYOTA ACABA DE COMPRAR NISSAN, HONDA Y MITSUBISHI!",https://www.youtube.com/watch?v=ozfRldd0pZI,769.0,videos,El Dios de los Autos,el-dios-de-los-autos,"Toyota,Honda,Nissan,Mitsubishi",116
RJuaMqk0J_M,"¿Me lo compro o no me lo compro? | Con Lalo Vargas | Peugeot, Ram y Renault",https://www.youtube.com/watch?v=RJuaMqk0J_M,3554.0,videos,Sergio Oliveira,sergio-oliveira,"Peugeot,Renault,Ram",104
qIqbZJyEcL0,"¿Me lo compro o no me los compro? DFSK, Dodge, FIAT, Ferrari y Ford",https://www.youtube.com/watch?v=qIqbZJyEcL0,3005.0,videos,Sergio Oliveira,sergio-oliveira,"Ford,Fiat,Dodge",104
ArBiSJHJGtQ,Chevrolet Onix vs Nissan Versa vs Volkswagen Virtus | Autoboutique 1/4 de Milla | Comparativa,https://www.youtube.com/watch?v=ArBiSJHJGtQ,1442.0,videos,Autoboutique 1/4 de Milla,cuarto-de-milla,"Nissan,Chevrolet,Volkswagen",104
vejsnt7Uj4I,Comparativa Mazda CX5 - Honda CR-v - Kia Sportage 2018,https://www.youtube.com/watch?v=vejsnt7Uj4I,1173.0,videos,Autoboutique 1/4 de Milla,cuarto-de-milla,"Honda,Mazda,Kia",104
UuNlqloMIsY,"¿BMW, AUDI O MERCEDES? |EXPLICACIÓN A PRUEBA DE IDIOTAS",https://www.youtube.com/watch?v=UuNlqloMIsY,1165.0,videos,El Dios de los Autos,el-dios-de-los-autos,"Mercedes,BMW,Audi",104
1uEFPVfhXWA,NO COMPRES TOYOTA COROLLA CROSS ni HONDA ZR-V o Mazda CX30 antes de Ver Esto,https://www.youtube.com/watch?v=1uEFPVfhXWA,1122.0,videos,El Dios de los Autos,el-dios-de-los-autos,"Toyota,Honda,Mazda",104
uxW9LZ9yuuw,"NO COMPRE TOYOTA, HONDA O MAZDA NUEVOS EN ESTE MOMENTO",https://www.youtube.com/watch?v=uxW9LZ9yuuw,933.0,videos,El Dios de los Autos,el-dios-de-los-autos,"Toyota,Honda,Mazda",104
dTKOz2AF8do,Comparativas 0-100 en CDMX Mazda 3 Signaturo Turbo Vs Seat Leon Cupra.,https://www.youtube.com/watch?v=dTKOz2AF8do,321.0,videos,Autoboutique 1/4 de Milla,cuarto-de-milla,"Mazda,Cupra,Seat",104
MTnDZy3vkmk,"Audi A3 Sedan, Ford Mondeo, Mazda el mejor lugar para trabajar, Toyota Yaris GRMN | Podcast #32",https://www.youtube.com/watch?v=MTnDZy3vkmk,3634.0,videos,Autoboutique 1/4 de Milla,cuarto-de-milla,"Toyota,Mazda,Ford,Audi",100
XU_i1DgxASY,"32. Audi A3 Sedan, Ford Mondeo, Mazda el mejor lugar para trabajar, Toyota Yaris GRMN",https://www.youtube.com/watch?v=XU_i1DgxASY,3634.0,videos,Autoboutique 1/4 de Milla,cuarto-de-milla,"Toyota,Mazda,Ford,Audi",100
3HWIPj0zR3c,"113. ¿De qué nos disfrazamos?, Chirey Omoda 5, Ford Bronco Raptor, Honda Odyssey Black Edition.",https://www.youtube.com/watch?v=3HWIPj0zR3c,3518.0,videos,Autoboutique 1/4 de Milla,cuarto-de-milla,"Honda,Ford,Chirey,Omoda",98
XZbAJU5j15Y,"Chevrolet Montana, Toyota Avanza 2022, Volvo C40 Recharge, Jac o Maserati | Podcast #48",https://www.youtube.com/watch?v=XZbAJU5j15Y,2323.0,videos,Autoboutique 1/4 de Milla,cuarto-de-milla,"Toyota,Chevrolet,JAC,Volvo",98
tXFtwyJ0HJI,"48. Chevrolet Montana, Toyota Avanza 2022, Volvo C40 Recharge, Jac o Maserati",https://www.youtube.com/watch?v=tXFtwyJ0HJI,2323.0,videos,Autoboutique 1/4 de Milla,cuarto-de-milla,"Toyota,Chevrolet,JAC,Volvo",98
zGZVCUjlaIk,"HYUNDAI acaba de SUPERAR a TOYOTA, Honda y Mazda",https://www.youtube.com/watch?v=zGZVCUjlaIk,1073.0,videos,El Dios de los Autos,el-dios-de-los-autos,"Toyota,Honda,Mazda,Hyundai",98
G55hZPKV2GE,"NISSAN y HONDA Presentan PICK UP de $15,000 (TOYOTA y FORD Entran en PANICO)",https://www.youtube.com/watch?v=G55hZPKV2GE,988.0,videos,El Dios de los Autos,el-dios-de-los-autos,"Toyota,Honda,Nissan,Ford",98
bSqOHwsmxd8,"ENFRENTÉ al Toyota GR COROLLA con HONDA Civic Type R, Hyundai Elantra N, Subaru WRX y muchos otros",https://www.youtube.com/watch?v=bSqOHwsmxd8,879.0,videos,El Dios de los Autos,el-dios-de-los-autos,"Toyota,Honda,Hyundai,Subaru",98
iqwhfhTaHwE,"NUEVO Toyota RAV4 2026 HUMILLA a Subaru, Honda y Mazda (Superior en TODO sentido)",https://www.youtube.com/watch?v=iqwhfhTaHwE,876.0,videos,El Dios de los Autos,el-dios-de-los-autos,"Toyota,Honda,Mazda,Subaru",98
kFcNV8iXLuo,"BYD Acaba de poner DE RODILLAS a Toyota, Nissan y Mazda",https://www.youtube.com/watch?v=kFcNV8iXLuo,559.0,videos,El Dios de los Autos,el-dios-de-los-autos,"Toyota,Nissan,Mazda,BYD",98
ct4XOGBG4s8,NO VALE LA PENA COMPRAR 0KM #cars #autos #coches #toyota #nissan #hyundai #kia #ford #chevrolet,https://www.youtube.com/shorts/ct4XOGBG4s8,,shorts,El Dios de los Autos,el-dios-de-los-autos,"Toyota,Nissan,Chevrolet,Ford,Kia,Hyundai",96
7PF0lg6Qlaw,"Los problemas del Aeropuerto, Recall Hyundai Kia, Seguimos sin semiconductores, San Valentín | #38",https://www.youtube.com/watch?v=7PF0lg6Qlaw,3504.0,videos,Autoboutique 1/4 de Milla,cuarto-de-milla,"Kia,Hyundai",92
QsTDhkzh6KU,"38. Los problemas del Aeropuerto, Recall Hyundai Kia, Seguimos sin semiconductores, San Valentín",https://www.youtube.com/watch?v=QsTDhkzh6KU,3504.0,videos,Autoboutique 1/4 de Milla,cuarto-de-milla,"Kia,Hyundai",92
4YE48mPc8pM,"76. Onix 2023, Cupra León 245, Precios Chirey, Historias de Chevy.",https://www.youtube.com/watch?v=4YE48mPc8pM,3339.0,videos,Autoboutique 1/4 de Milla,cuarto-de-milla,"Chirey,Cupra",92
CQcRiCxB38E,De Peugeot a Renault - Me lo compro o no me lo compro,https://www.youtube.com/watch?v=CQcRiCxB38E,3298.0,videos,Sergio Oliveira,sergio-oliveira,"Peugeot,Renault",92
ceNBj66rGvQ,"193. Chevrolet Montana, Suzuki Fronx, Vuelve GTI, Precios Polo, BR-V y Acord",https://www.youtube.com/watch?v=ceNBj66rGvQ,3201.0,videos,Autoboutique 1/4 de Milla,cuarto-de-milla,"Chevrolet,Suzuki",92
4CAXSFpMq0E,"104. PruebameLa Nave de Acura Integra, ID Buzz, Fiat Mobi, Honda",https://www.youtube.com/watch?v=4CAXSFpMq0E,3069.0,videos,Autoboutique 1/4 de Milla,cuarto-de-milla,"Honda,Fiat",92
fOfo6GORkWs,"146. Tesla en México, Comprar en agencias de contado, Mazda CX-50",https://www.youtube.com/watch?v=fOfo6GORkWs,2803.0,videos,Autoboutique 1/4 de Milla,cuarto-de-milla,"Mazda,Tesla",92
wFtjSBAacbI,¿Me lo compro o no me lo compro? - Con Lalo Vargas - FIAT y Ford,https://www.youtube.com/watch?v=wFtjSBAacbI,2281.0,videos,Sergio Oliveira,sergio-oliveira,"Ford,Fiat",92
E-dAwmDZ80M,¿Me lo compro o no me lo compro? | Con Lalo Vargas | GMC y Honda,https://www.youtube.com/watch?v=E-dAwmDZ80M,1977.0,videos,Sergio Oliveira,sergio-oliveira,"Honda,GMC",92
fASJ3iE-Yxg,"¿Me lo compro o no me lo compro? 1 Con Lalo Vargas | China, Infiniti y Jeep",https://www.youtube.com/watch?v=fASJ3iE-Yxg,1740.0,videos,Sergio Oliveira,sergio-oliveira,"Jeep,Infiniti",92
Q6fnYdICjRc,Chevrolet Bolt EV 2018. La mejor alternativa a un Tesla.,https://www.youtube.com/watch?v=Q6fnYdICjRc,1536.0,videos,Sergio Oliveira,sergio-oliveira,"Chevrolet,Tesla",92
wCIFANQS4RM,Seat Leon Cupra 290 | PruebameLa... Nave #18 | Reseña,https://www.youtube.com/watch?v=wCIFANQS4RM,1445.0,videos,Autoboutique 1/4 de Milla,cuarto-de-milla,"Cupra,Seat",92
Lm1_TKc7Eow,"Nissan Versa vs Ford Figo. Si es tan bueno el Versa, ¿por qué compré un Figo?",https://www.youtube.com/watch?v=Lm1_TKc7Eow,1206.0,videos,Sergio Oliveira,sergio-oliveira,"Nissan,Ford",92
8koVSrO15JA,Rueda Contra Rueda - Renault Koleos vs Peugeot 3008 (Comparativa) *CarsLatino*,https://www.youtube.com/watch?v=8koVSrO15JA,1113.0,videos,CarsLatino,carslatino,"Peugeot,Renault",92
xzb4lyukVms,¿MAZDA ES MEJOR AUTO PREMIUM QUE BMW?,https://www.youtube.com/watch?v=xzb4lyukVms,1058.0,videos,El Dios de los Autos,el-dios-de-los-autos,"Mazda,BMW",92
c6lV2K20_vg,Seat León Cupra 2017.  Velocidad a precio de ganga,https://www.youtube.com/watch?v=c6lV2K20_vg,951.0,videos,Sergio Oliveira,sergio-oliveira,"Cupra,Seat",92
kqOJExPj9BE,JEEP GRAND CHEROKEE VS DODGE DURANGO ¿CUAL ES MEJOR? | Versus de vehículos,https://www.youtube.com/watch?v=kqOJExPj9BE,914.0,videos,El Dios de los Autos,el-dios-de-los-autos,"Jeep,Dodge",92
NdhciZTmHU0,Prueba de manejo: MAZDA 3 VS. KIA KOUP,https://www.youtube.com/watch?v=NdhciZTmHU0,906.0,videos,El Dios de los Autos,el-dios-de-los-autos,"Mazda,Kia",92
LZb5dDY_lAI,Subaru BRZ vs Mazda MX-5. ¿Cuál es el mejor?,https://www.youtube.com/watch?v=LZb5dDY_lAI,900.0,videos,Sergio Oliveira,sergio-oliveira,"Mazda,Subaru",92
mdiWpDX7FNk,5 KIA/HYUNDAI QUE NO DEBERÍAS COMPRAR Y 5 QUE SI *CarsLatino*,https://www.youtube.com/watch?v=mdiWpDX7FNk,828.0,videos,CarsLatino,carslatino,"Kia,Hyundai",92
VWTikrCbsyU,"Infiniti QX30 2017; Alma de Mercedes, aunque no del mejor Mercedes.",https://www.youtube.com/watch?v=VWTikrCbsyU,823.0,videos,Sergio Oliveira,sergio-oliveira,"Infiniti,Mercedes",92
qG98Th4nygU,NISSAN Y MITSUBISHI SON COMPRADOS POR MARCA CHINA - ENORME NOTICIA,https://www.youtube.com/watch?v=qG98Th4nygU,766.0,videos,El Dios de los Autos,el-dios-de-los-autos,"Nissan,Mitsubishi",92
IVNVRKQ6D68,"¡MG ACABA DE COMPRAR JEEP, ALFA ROMEO Y MASERATI!",https://www.youtube.com/watch?v=IVNVRKQ6D68,736.0,videos,El Dios de los Autos,el-dios-de-los-autos,"MG,Jeep",92
I944R7n7dfI,NUEVO Toyota Land Cruiser FJ SE COME VIVO A SUZUKI JIMNY (ADIOS SUZUKI ya nadie te COMPRARÁ),https://www.youtube.com/watch?v=I944R7n7dfI,729.0,videos,El Dios de los Autos,el-dios-de-los-autos,"Toyota,Suzuki",92
8rRsSjBmFzI,MG ACABA DE COMPRAR BMW (ESTO LO CAMBIA TODO),https://www.youtube.com/watch?v=8rRsSjBmFzI,670.0,videos,El Dios de los Autos,el-dios-de-los-autos,"MG,BMW",92
oKHE7t_hGjs,COMPRÉ UN VOLVO XC40 HIBRIDO ¿REALMENTE DESTROZA AL BMW X1?,https://www.youtube.com/watch?v=oKHE7t_hGjs,564.0,videos,El Dios de los Autos,el-dios-de-los-autos,"BMW,Volvo",92
xJKQKFfs9ew,¿Compro un AUDI A1 o un TOYOTA COROLLA? AHORA CUESTAN IGUAL,https://www.youtube.com/watch?v=xJKQKFfs9ew,555.0,videos,El Dios de los Autos,el-dios-de-los-autos,"Toyota,Audi",92
-iHkQmXpWG4,Comparativa Toyota Prius vs Honda Insight,https://www.youtube.com/watch?v=-iHkQmXpWG4,515.0,videos,Sergio Oliveira,sergio-oliveira,"Toyota,Honda",92
1_3A_7ajBFY,HYUNDAI i10 VS. VOLKSWAGEN UP! ¿CUAL ES MEJOR?,https://www.youtube.com/watch?v=1_3A_7ajBFY,330.0,videos,El Dios de los Autos,el-dios-de-los-autos,"Volkswagen,Hyundai",92
-q-MKAR9AUc,Casos extremos con fallas en vehiculos Chirey y Omoda.,https://www.youtube.com/watch?v=-q-MKAR9AUc,274.0,videos,Autoboutique 1/4 de Milla,cuarto-de-milla,"Chirey,Omoda",92
i4gvUL_mZ6M,CUIDADO!!! NO CAIGAS!! #toyota #auto #hyundai #mazda #nissan #honda #mitsubishi #mazda #volkswagen,https://www.youtube.com/shorts/i4gvUL_mZ6M,,shorts,El Dios de los Autos,el-dios-de-los-autos,"Toyota,Honda,Nissan,Mazda,Volkswagen,Hyundai,Mitsubishi",90
gw9Rc4_qs6U,"¿Me lo compro o no me lo compro? GMC, GWM, Honda, Hyundai",https://www.youtube.com/watch?v=gw9Rc4_qs6U,3695.0,videos,Sergio Oliveira,sergio-oliveira,"Honda,Hyundai,GMC",88
i9MvJIC7Zf0,"Chirey Omoda 5, Subaru WRX S4, Autódromo Riviera Maya, Categorías Rabadilla de Oro | 19",https://www.youtube.com/watch?v=i9MvJIC7Zf0,3595.0,videos,Autoboutique 1/4 de Milla,cuarto-de-milla,"Chirey,Omoda,Subaru",86
OEP3diaCMWw,"19. Chirey Omoda 5, Subaru WRX S4, Autódromo Riviera Maya, Categorías Rabadilla de Oro",https://www.youtube.com/watch?v=OEP3diaCMWw,3595.0,videos,Autoboutique 1/4 de Milla,cuarto-de-milla,"Chirey,Omoda,Subaru",86
Uszu_nmH-SA,"Mesa Autmotriz Febrero 19 | Mazda, Suzuki y Kia | Formula Automotriz",https://www.youtube.com/watch?v=Uszu_nmH-SA,3481.0,videos,Autoboutique 1/4 de Milla,cuarto-de-milla,"Mazda,Kia,Suzuki",86
CwdTCbBrBfg,"Pre día del niño, Nuevo Honda Type R, Suzuki Ertiga 2023, Tesla Cyber Truck | #59",https://www.youtube.com/watch?v=CwdTCbBrBfg,3397.0,videos,Autoboutique 1/4 de Milla,cuarto-de-milla,"Honda,Tesla,Suzuki",86
JrVN4HVNjJg,"161. BYD Seagull, Cupra Tavaskan, Jaecoo 7 y 9, Mach E en Australia",https://www.youtube.com/watch?v=JrVN4HVNjJg,3393.0,videos,Autoboutique 1/4 de Milla,cuarto-de-milla,"BYD,Jaecoo,Cupra",86
BhwicrKoEO4,"Fanáticos de MG, Ford Ranger Raptor, Mazda CX-3 Mexicana, Carretera con carga inalámbrica | #43",https://www.youtube.com/watch?v=BhwicrKoEO4,3379.0,videos,Autoboutique 1/4 de Milla,cuarto-de-milla,"Mazda,Ford,MG",86
cQZbi2OPviU,"43. Fanáticos de MG, Ford Ranger Raptor, Mazda CX-3 Mexicana, Carretera con carga inalámbrica",https://www.youtube.com/watch?v=cQZbi2OPviU,3379.0,videos,Autoboutique 1/4 de Milla,cuarto-de-milla,"Mazda,Ford,MG",86
5p0P6HyYtW0,"224. Tank 300 híbrido, Chirey y DHL hacen alianza, Nissan y Honda vs China",https://www.youtube.com/watch?v=5p0P6HyYtW0,2279.0,videos,Autoboutique 1/4 de Milla,cuarto-de-milla,"Honda,Nissan,Chirey",86
hqsVHkRdSP4,"Chevrolet ¡NUEVA Pick Up de $17,000 TIENE a Toyota y Ford de RODILLAS!",https://www.youtube.com/watch?v=hqsVHkRdSP4,1121.0,videos,El Dios de los Autos,el-dios-de-los-autos,"Toyota,Chevrolet,Ford",86
fk_e5VCbj-Q,¡NUEVA SUV Fiat Barata deja obsoletos a Toyota y Nissan!,https://www.youtube.com/watch?v=fk_e5VCbj-Q,905.0,videos,El Dios de los Autos,el-dios-de-los-autos,"Toyota,Nissan,Fiat",86
6leoXMpsOjw,"CADILLAC ACABA DE APLASTAR A BMW, AUDI Y MERCEDES (Y NADIE LO HA NOTADO)",https://www.youtube.com/watch?v=6leoXMpsOjw,893.0,videos,El Dios de los Autos,el-dios-de-los-autos,"Mercedes,BMW,Audi",86
C0G0H_c_o48,¡Ford está FURIOSO! Responde TOYOTA y Suzuki!!,https://www.youtube.com/watch?v=C0G0H_c_o48,765.0,videos,El Dios de los Autos,el-dios-de-los-autos,"Toyota,Ford,Suzuki",86
rmKPNgKpHKw,TESLA AHORA ES DUEÑO DE FORD Y CHEVROLET,https://www.youtube.com/watch?v=rmKPNgKpHKw,723.0,videos,El Dios de los Autos,el-dios-de-los-autos,"Chevrolet,Ford,Tesla",86
Iv9QnL7nz-4,"Japan Mobility Show 2025: Lexus, Toyota, Subaru, Mazda y el futuro de la movilidad | Jaime Gabaldoni",https://www.youtube.com/watch?v=Iv9QnL7nz-4,555.0,videos,Jaime Gabaldoni,jaime-gabaldoni,"Toyota,Mazda,Subaru",86
dBPQQ84QPoQ,hyundai atos a prueba de dinamometro vendido en mexico dodge motor 1.0 litros,https://www.youtube.com/watch?v=dBPQQ84QPoQ,81.0,videos,Autoboutique 1/4 de Milla,cuarto-de-milla,"Hyundai,Dodge",82
-ayU1rQYyxM,Jeep Gladiator Mojave vs Ford F-150 Raptor: ¿Son realmente comparables?,https://www.youtube.com/watch?v=-ayU1rQYyxM,3468.0,streams,Jaime Gabaldoni,jaime-gabaldoni,"Ford,Jeep",80
hRJTmW-1Ajk,"El Podcast de Autos 104 | PruebameLa Nave de Acura Integra, ID Buzz, Fiat Mobi, Honda",https://www.youtube.com/watch?v=hRJTmW-1Ajk,3311.0,streams,Autoboutique 1/4 de Milla,cuarto-de-milla,"Honda,Fiat",80
CQOM0NXov44,¿Me lo compro o no me lo compro? Chevrolet,https://www.youtube.com/watch?v=CQOM0NXov44,3228.0,videos,Sergio Oliveira,sergio-oliveira,Chevrolet,80
-HTgIYuKJi0,¿Me lo compro o no me lo compro? | Con Lalo Vargas | Toyota,https://www.youtube.com/watch?v=-HTgIYuKJi0,3013.0,videos,Sergio Oliveira,sergio-oliveira,Toyota,80
vUoMJrMWzXg,"¿Me lo compro o no me lo compro? Jetour, JIM, JMC y Kia",https://www.youtube.com/watch?v=vUoMJrMWzXg,2986.0,videos,Sergio Oliveira,sergio-oliveira,Kia,80
K4tz6lkjYQA,¿Me lo compro o no me lo compro? BUICK y BYD,https://www.youtube.com/watch?v=K4tz6lkjYQA,2763.0,videos,Sergio Oliveira,sergio-oliveira,BYD,80
I_fLLaMrC7c,Me lo compro o no me lo compro. Alfa Romeo y Audi,https://www.youtube.com/watch?v=I_fLLaMrC7c,2691.0,videos,Sergio Oliveira,sergio-oliveira,Audi,80
jkAknhO9cfs,BMW X6M50I 2021 | PruebameLa... Nave #137 | Reseña,https://www.youtube.com/watch?v=jkAknhO9cfs,2422.0,videos,Autoboutique 1/4 de Milla,cuarto-de-milla,BMW,80
nyNvIP1LJbo,Jeep SkyFreedom 4 cil Turbo | PruebameLa... Nave #128 | Reseña,https://www.youtube.com/watch?v=nyNvIP1LJbo,2421.0,videos,Autoboutique 1/4 de Milla,cuarto-de-milla,Jeep,80
Jl7hOoO6E1s,2024 DODGE DURANGO SRT HELLCAT REVIEW | JAIME GABALDONI,https://www.youtube.com/watch?v=Jl7hOoO6E1s,2355.0,videos,Jaime Gabaldoni,jaime-gabaldoni,Dodge,80
ZfI1VAFeKN8,"El precio del limón y el aguacate, Ram Night Edition, Kwid 2023. | Podcast #33",https://www.youtube.com/watch?v=ZfI1VAFeKN8,2222.0,videos,Autoboutique 1/4 de Milla,cuarto-de-milla,Ram,80
bff0Ni8J7IM,"33. El precio del limón y el aguacate, Ram Night Edition, Kwid 2023.",https://www.youtube.com/watch?v=bff0Ni8J7IM,2222.0,videos,Autoboutique 1/4 de Milla,cuarto-de-milla,Ram,80
gUtXfK8gI44,Suzuki bajó los precios en toda su gama - La Cochera Radio 13 enero,https://www.youtube.com/watch?v=gUtXfK8gI44,2052.0,videos,Sergio Oliveira,sergio-oliveira,Suzuki,80
oBEJMOQgZeg,Dodge Attitude mejora de la tierra al cielo - LaCochera Radio 7sep,https://www.youtube.com/watch?v=oBEJMOQgZeg,2048.0,videos,Sergio Oliveira,sergio-oliveira,Dodge,80
a3x14a4C0bg,Peugeot Rifter Allure hdi 2021 | PruebameLa... Nave #133 | Reseña,https://www.youtube.com/watch?v=a3x14a4C0bg,2038.0,videos,Autoboutique 1/4 de Milla,cuarto-de-milla,Peugeot,80
C21eAHuMhgA,2023 Dodge Challenger SRT Review // 🦖 An American in danger of extinction 🇺🇸 - Jaime Gabaldoni,https://www.youtube.com/watch?v=C21eAHuMhgA,1911.0,videos,Jaime Gabaldoni,jaime-gabaldoni,Dodge,80
f1aT1O41wEs,Jeep Wrangler 392 Final Edition: ¿el último Wrangler con motor HEMI V8? | Review | Jaime Gabaldoni,https://www.youtube.com/watch?v=f1aT1O41wEs,1882.0,videos,Jaime Gabaldoni,jaime-gabaldoni,Jeep,80
5b0XhhpGHlc,BMW M240i Xdrive 2025 | PruebameLa... Nave #235 | Reseña,https://www.youtube.com/watch?v=5b0XhhpGHlc,1874.0,videos,Autoboutique 1/4 de Milla,cuarto-de-milla,BMW,80
mXEY7BDpM50,Nissan GT-R R35 2023: “Godzilla” sigue imparable | Prueba de manejo | Jaime Gabaldoni,https://www.youtube.com/watch?v=mXEY7BDpM50,1829.0,videos,Jaime Gabaldoni,jaime-gabaldoni,Nissan,80
FVyPQ1hjKnU,Chevrolet Colorado Z71 2023 - 🤔 ¿La mejor pickup mediana? 🛻 | Reseña Jaime Gabaldoni,https://www.youtube.com/watch?v=FVyPQ1hjKnU,1804.0,videos,Jaime Gabaldoni,jaime-gabaldoni,Chevrolet,80
TRAdnQbFQm8,Honda Civic Type R 2023 | Prueba Completa [HD],https://www.youtube.com/watch?v=TRAdnQbFQm8,1804.0,videos,Jaime Gabaldoni,jaime-gabaldoni,Honda,80
H8GrL02XiOM,Dodge Challenger SRT Hellcat Redeye Widebody | PruebameLa... Nave #87 | Reseña,https://www.youtube.com/watch?v=H8GrL02XiOM,1783.0,videos,Autoboutique 1/4 de Milla,cuarto-de-milla,Dodge,80
ubnd7gHVK-c,Renault Duster Oroch | PruebameLa... Nave #63 | Reseña,https://www.youtube.com/watch?v=ubnd7gHVK-c,1763.0,videos,Autoboutique 1/4 de Milla,cuarto-de-milla,Renault,80
FjY4LGAf9Jk,Mi Nuevo Auto a Detalle!! (Version COMPLETA) (Prueba de Manejo Mazda 3 S GT 2017) *CarsLatino*,https://www.youtube.com/watch?v=FjY4LGAf9Jk,1754.0,videos,CarsLatino,carslatino,Mazda,80
vWr-5fVzYNY,Renault Duster Turbo CVT | PruebameLa... Nave #184 | Reseña,https://www.youtube.com/watch?v=vWr-5fVzYNY,1741.0,videos,Autoboutique 1/4 de Milla,cuarto-de-milla,Renault,80
Bbyr5Wa81Lg,The new 2025 MAZDA CX-70 Can it be compared to the European luxury models?| Review | Jaime Gabaldoni,https://www.youtube.com/watch?v=Bbyr5Wa81Lg,1703.0,videos,Jaime Gabaldoni,jaime-gabaldoni,Mazda,80
FTgw6q07d9w,Volkswagen Polo 2020 | PruebameLa... Nave #112 | Reseña,https://www.youtube.com/watch?v=FTgw6q07d9w,1687.0,videos,Autoboutique 1/4 de Milla,cuarto-de-milla,Volkswagen,80
z1RBvS2-nFQ,Ford Expedition 2025: ¿La mejor SUV familiar tamaño completo? | Prueba de Manejo | Jaime Gabaldoni,https://www.youtube.com/watch?v=z1RBvS2-nFQ,1685.0,videos,Jaime Gabaldoni,jaime-gabaldoni,Ford,80
r4yJ_RMtkuE,"Precio elevado, ahorro justificado? Mitsubishi Outlander PHEV | PruebameLa... Nave #175 | Reseña",https://www.youtube.com/watch?v=r4yJ_RMtkuE,1679.0,videos,Autoboutique 1/4 de Milla,cuarto-de-milla,Mitsubishi,80
0quk2v4JBB4,Kia Stinger. Video con audio mejorado,https://www.youtube.com/watch?v=0quk2v4JBB4,1670.0,videos,Sergio Oliveira,sergio-oliveira,Kia,80
QitI0_bBVRU,🚐🔋 Volkswagen ID. Buzz 2025: la combi eléctrica moderna ⚡🚀 | Prueba de manejo | Jaime Gabaldoni,https://www.youtube.com/watch?v=QitI0_bBVRU,1626.0,videos,Jaime Gabaldoni,jaime-gabaldoni,Volkswagen,80
O4VMhPiVT50,Toyota Tacoma i-Force Max TRD Pro 2025: Lista para el off-road | Prueba de manejo | Jaime Gabaldoni,https://www.youtube.com/watch?v=O4VMhPiVT50,1609.0,videos,Jaime Gabaldoni,jaime-gabaldoni,Toyota,80
sWmGLwDf71o,Peugeot 301 HDI 2020 ( diesel )| PruebameLa... Nave #139 | Reseña,https://www.youtube.com/watch?v=sWmGLwDf71o,1586.0,videos,Autoboutique 1/4 de Milla,cuarto-de-milla,Peugeot,80
ccYx3lkQtrE,Chevrolet Corvette C8 Z06 2023 | Prueba Completa [HD],https://www.youtube.com/watch?v=ccYx3lkQtrE,1580.0,videos,Jaime Gabaldoni,jaime-gabaldoni,Chevrolet,80
KG2WuiEhlK8,Infiniti QX50 | PruebameLa... Nave #46 | Reseña,https://www.youtube.com/watch?v=KG2WuiEhlK8,1548.0,videos,Autoboutique 1/4 de Milla,cuarto-de-milla,Infiniti,80
OiivNjk13t4,Jeep Grand Cherokee SRT8 | PruebameLa... Nave #109 | Reseña,https://www.youtube.com/watch?v=OiivNjk13t4,1521.0,videos,Autoboutique 1/4 de Milla,cuarto-de-milla,Jeep,80
Ta_QwNdOTM0,Nissan Armada/Patrol Nismo 2026: La SUV deportiva INESPERADA de Nissan | Prueba de manejo,https://www.youtube.com/watch?v=Ta_QwNdOTM0,1500.0,videos,Jaime Gabaldoni,jaime-gabaldoni,Nissan,80
-FnDxyk1_cI,GMC Sierra EV AT4 2026: La pick-up eléctrica más capaz de GMC | Prueba de manejo | Jaime Gabaldoni,https://www.youtube.com/watch?v=-FnDxyk1_cI,1492.0,videos,Jaime Gabaldoni,jaime-gabaldoni,GMC,80
NuVyp1iu9-g,Entrevista Miguel Barbeyto. ¿Cuándo habrá CX-30? ¿Por qué bajó de precio Mazda 3?,https://www.youtube.com/watch?v=NuVyp1iu9-g,1490.0,videos,Sergio Oliveira,sergio-oliveira,Mazda,80
yiuViWzrRmU,Nissan LEAF 2018 - Y lo puedes comprar por Internet,https://www.youtube.com/watch?v=yiuViWzrRmU,1490.0,videos,Sergio Oliveira,sergio-oliveira,Nissan,80
arDaOi3bbhA,"Audi RS 7 Performance 2025: potencia, lujo y tecnología | Prueba de manejo | Jaime Gabaldoni",https://www.youtube.com/watch?v=arDaOi3bbhA,1473.0,videos,Jaime Gabaldoni,jaime-gabaldoni,Audi,80
t2HI1mdkrZk,Audi Q8 Sportback e-tron 2024 - 🔋 una de las mejores SUV eléctricas hoy ⚡️ | Reseña Jaime Gabaldoni,https://www.youtube.com/watch?v=t2HI1mdkrZk,1397.0,videos,Jaime Gabaldoni,jaime-gabaldoni,Audi,80
r0wxQs3Wizw,BMW 330i xDrive 2025: ¿vale la pena? | Prueba de manejo | Jaime Gabaldoni,https://www.youtube.com/watch?v=r0wxQs3Wizw,1385.0,videos,Jaime Gabaldoni,jaime-gabaldoni,BMW,80
S3NnUhMRK7c,Mitsubishi L200 2021 | PruebameLaNave #160 | Reseña,https://www.youtube.com/watch?v=S3NnUhMRK7c,1380.0,videos,Autoboutique 1/4 de Milla,cuarto-de-milla,Mitsubishi,80
HGMlyLVXiU0,Detalles del ultimo Volkswagen Passat | Prueba de Manejo [4K],https://www.youtube.com/watch?v=HGMlyLVXiU0,1366.0,videos,Jaime Gabaldoni,jaime-gabaldoni,Volkswagen,80
uqldlna5qnk,GMC Sierra Denali 2019 | PruebameLa... Nave #73 | Reseña,https://www.youtube.com/watch?v=uqldlna5qnk,1359.0,videos,Autoboutique 1/4 de Milla,cuarto-de-milla,GMC,80
paAQvYxjyn0,BYD ES LA MEJOR MARCA DEL MUNDO,https://www.youtube.com/watch?v=paAQvYxjyn0,1307.0,videos,El Dios de los Autos,el-dios-de-los-autos,BYD,80
lxul6hl3wgE,Volvo XC40. Prueba de que lo seguro y económico no tiene que ser aburrido.,https://www.youtube.com/watch?v=lxul6hl3wgE,1261.0,videos,Sergio Oliveira,sergio-oliveira,Volvo,80
fKrXVm0Dw88,Mercedes-AMG GT63 COUPÉ 2025 | Prueba de Manejo | Jaime Gabaldoni,https://www.youtube.com/watch?v=fKrXVm0Dw88,1241.0,videos,Jaime Gabaldoni,jaime-gabaldoni,Mercedes,80
FUFANojXJJ4,RAM 2500 Heavy Duty Diesel 2025: ¿La pickup más poderosa? | Prueba de Manejo | Jaime Gabaldoni,https://www.youtube.com/watch?v=FUFANojXJJ4,1201.0,videos,Jaime Gabaldoni,jaime-gabaldoni,Ram,80
0agsGb2JgMw,Audi Q8 S Line 2020. La Mejor en su clase.,https://www.youtube.com/watch?v=0agsGb2JgMw,1161.0,videos,Sergio Oliveira,sergio-oliveira,Audi,80
I3uqdp9_2Cw,Volvo XC90 PHEV 2026: ¿El SUV híbrido premium más completo? | Prueba de Manejo | Jaime Gabaldoni,https://www.youtube.com/watch?v=I3uqdp9_2Cw,1117.0,videos,Jaime Gabaldoni,jaime-gabaldoni,Volvo,80
sEdkFx4BdqM,Kia Telluride 2027: ¿La mejor SUV familiar? con @Guaroa Ubinas | Prueba de manejo | Jaime Gabaldoni,https://www.youtube.com/watch?v=sEdkFx4BdqM,1112.0,videos,Jaime Gabaldoni,jaime-gabaldoni,Kia,80
vaysVq7ZuDw,Ram 700 2021. El mejor valor/precio de su categoría.,https://www.youtube.com/watch?v=vaysVq7ZuDw,1110.0,videos,Sergio Oliveira,sergio-oliveira,Ram,80
uKEpI2sTjjU,Prueba de Manejo BMW 330iA Sport Line 2018 *CarsLatino*,https://www.youtube.com/watch?v=uKEpI2sTjjU,1101.0,videos,CarsLatino,carslatino,BMW,80
K-UDgvs1A0g,BMW 540i iA M Sport 2018. ¿El mejor sedán de su clase en el mundo?,https://www.youtube.com/watch?v=K-UDgvs1A0g,1078.0,videos,Sergio Oliveira,sergio-oliveira,BMW,80
cersmp7KeWg,Mi Nuevo Auto a Detalle!! (Version Corta) (Prueba de Manejo Mazda 3 S GT 2017) *CarsLatino*,https://www.youtube.com/watch?v=cersmp7KeWg,1058.0,videos,CarsLatino,carslatino,Mazda,80
bo-1Fp-mots,El VOLVO XC60 T8 2024 BLACK EDITION | Prueba de Manejo | Jaime Gabaldoni,https://www.youtube.com/watch?v=bo-1Fp-mots,1021.0,videos,Jaime Gabaldoni,jaime-gabaldoni,Volvo,80
zd9Q6h0GCUU,Prueba de Manejo Volkswagen Jetta (Bora) GLI 2007 y algo mas *CarsLatino*,https://www.youtube.com/watch?v=zd9Q6h0GCUU,1018.0,videos,CarsLatino,carslatino,Volkswagen,80
o4gLVrL2tIA,"Hyundai Grand i10 sedán 2021. Le sobra precio, le falta seguridad.",https://www.youtube.com/watch?v=o4gLVrL2tIA,986.0,videos,Sergio Oliveira,sergio-oliveira,Hyundai,80
dDztRzElBPg,Seat Tarraco. ¿Mejor que la Tiguan?,https://www.youtube.com/watch?v=dDztRzElBPg,978.0,videos,Sergio Oliveira,sergio-oliveira,Seat,80
tYTd934ol2w,Vale La Pena El Honda Civic Lx 2007 ? *CarsLatino*,https://www.youtube.com/watch?v=tYTd934ol2w,957.0,videos,CarsLatino,carslatino,Honda,80
1V3cZD0T66U,BMW Serie 7 2023. El mejor sedán en su categoría.,https://www.youtube.com/watch?v=1V3cZD0T66U,927.0,videos,Sergio Oliveira,sergio-oliveira,BMW,80
d4RAEvZ5m-k,Jeep Avenger Turbo - El Jeep que podríamos comprar,https://www.youtube.com/watch?v=d4RAEvZ5m-k,909.0,videos,Sergio Oliveira,sergio-oliveira,Jeep,80
JVdm6QxjN-Q,¿Aun Vale La Pena Un Honda Civic 2009 En El 2024? (Nuevo Auto) *CarsLatino*,https://www.youtube.com/watch?v=JVdm6QxjN-Q,908.0,videos,CarsLatino,carslatino,Honda,80
GOT6xoAf5p0,5 JEEP QUE NO DEBERÍAS COMPRAR Y 5 QUE SI *CarsLatino*,https://www.youtube.com/watch?v=GOT6xoAf5p0,903.0,videos,CarsLatino,carslatino,Jeep,80
Ho1l6ZXfv9w,Jac Frison T6. El mejor motor de su categoría.,https://www.youtube.com/watch?v=Ho1l6ZXfv9w,878.0,videos,Sergio Oliveira,sergio-oliveira,JAC,80
w13rqSdIQEw,"Subaru Forester 2019, ¿La mejor en su clase?",https://www.youtube.com/watch?v=w13rqSdIQEw,873.0,videos,Sergio Oliveira,sergio-oliveira,Subaru,80
4jrRvn9Guh0,"Cupra Formentor 190 - Precioso, pero no para entusiastas",https://www.youtube.com/watch?v=4jrRvn9Guh0,865.0,videos,Sergio Oliveira,sergio-oliveira,Cupra,80
yIDCcL0gbD4,5 NISSAN QUE NO DEBERÍAS COMPRAR Y 5 QUE SI *CarsLatino*,https://www.youtube.com/watch?v=yIDCcL0gbD4,852.0,videos,CarsLatino,carslatino,Nissan,80
6FPe17Hb180,5 MERCEDES BENZ QUE NO DEBERÍAS COMPRAR Y 5 QUE SI *CarsLatino*,https://www.youtube.com/watch?v=6FPe17Hb180,850.0,videos,CarsLatino,carslatino,Mercedes,80
Wam4zmsU9-0,El Interior Es Lo Que Cuenta - Prueba de Manejo Mercedes Benz C200 Sport *CarsLatino*,https://www.youtube.com/watch?v=Wam4zmsU9-0,838.0,videos,CarsLatino,carslatino,Mercedes,80
tyIjiNEtZso,MEJORANDO AL MITSUBISHI 3000GT! (Proyecto 3000gt - ep02) *CarsLatino*,https://www.youtube.com/watch?v=tyIjiNEtZso,830.0,videos,CarsLatino,carslatino,Mitsubishi,80
mYIIqnu4dco,"Kia K4 Hatchback 2026: Motor turbo, manejo ágil y estilo único | Prueba de manejo | Jaime Gabaldoni",https://www.youtube.com/watch?v=mYIIqnu4dco,829.0,videos,Jaime Gabaldoni,jaime-gabaldoni,Kia,80
eHBV2250YOg,"JAC Sei7 2019, el mejor valor/precio de todo el segmento",https://www.youtube.com/watch?v=eHBV2250YOg,824.0,videos,Sergio Oliveira,sergio-oliveira,JAC,80
yyB2uL3FoM8,5 VOLKSWAGEN QUE NO DEBERÍAS COMPRAR Y 5 QUE SI *CarsLatino*,https://www.youtube.com/watch?v=yyB2uL3FoM8,807.0,videos,CarsLatino,carslatino,Volkswagen,80
s28DNfI0zCg,¿QUÉ IDIOTA COMPRA UN DODGE ATTITUDE 2025?,https://www.youtube.com/watch?v=s28DNfI0zCg,799.0,videos,El Dios de los Autos,el-dios-de-los-autos,Dodge,80
U9XFsfIUJWk,5 DODGE QUE NO DEBERÍAS COMPRAR Y 5 QUE SI *CarsLatino*,https://www.youtube.com/watch?v=U9XFsfIUJWk,792.0,videos,CarsLatino,carslatino,Dodge,80
bCVDTzbi91A,Suzuki S-Cross. A veces la mejor opción es la que menos consideras.,https://www.youtube.com/watch?v=bCVDTzbi91A,786.0,videos,Sergio Oliveira,sergio-oliveira,Suzuki,80
EGtnVtejo2o,COMPRÉ un RENAULT y lo DESTRUÍ al instante,https://www.youtube.com/watch?v=EGtnVtejo2o,783.0,videos,El Dios de los Autos,el-dios-de-los-autos,Renault,80
eBAl-Fj1lkQ,5 MITSUBISHI QUE NO DEBERÍAS COMPRAR Y 5 QUE SI *CarsLatino*,https://www.youtube.com/watch?v=eBAl-Fj1lkQ,750.0,videos,CarsLatino,carslatino,Mitsubishi,80
AgB9XQ_yXso,6 FORD QUE NO DEBERÍAS COMPRAR... Y 6 QUE SI *CarsLatino*,https://www.youtube.com/watch?v=AgB9XQ_yXso,728.0,videos,CarsLatino,carslatino,Ford,80
hfnxIwleCjo,5 BMW QUE NO DEBERÍAS COMPRAR Y 5 QUE SI *CarsLatino*,https://www.youtube.com/watch?v=hfnxIwleCjo,727.0,videos,CarsLatino,carslatino,BMW,80
pAJU2TINMkc,5 TOYOTA QUE NO DEBERÍAS COMPRAR Y 5 QUE SI *CarsLatino*,https://www.youtube.com/watch?v=pAJU2TINMkc,673.0,videos,CarsLatino,carslatino,Toyota,80
IPLcfL9-sBM,Los 10 Peores TOYOTA del Mundo! *CarsLatino*,https://www.youtube.com/watch?v=IPLcfL9-sBM,673.0,videos,CarsLatino,carslatino,Toyota,80
IsJaHl6QRgY,Los 7 PEORES Subaru del Mundo *CarsLatino*,https://www.youtube.com/watch?v=IsJaHl6QRgY,645.0,videos,CarsLatino,carslatino,Subaru,80
0g36IgAMljQ,5 CHEVROLET QUE NO DEBERÍAS COMPRAR... Y 5 QUE SI *CarsLatino*,https://www.youtube.com/watch?v=0g36IgAMljQ,643.0,videos,CarsLatino,carslatino,Chevrolet,80
UswYsvjUq9E,Prueba de Manejo - Kia Sorento Ex 2018 *CarsLatino*,https://www.youtube.com/watch?v=UswYsvjUq9E,637.0,videos,CarsLatino,carslatino,Kia,80
hC557xbz5XE,Prueba de Manejo - Ford Mustang GT 2017,https://www.youtube.com/watch?v=hC557xbz5XE,632.0,videos,CarsLatino,carslatino,Ford,80
hHIikqGcfD4,EL TESLA MODEL 3 ES El MEJOR AUTO DEL MUNDO,https://www.youtube.com/watch?v=hHIikqGcfD4,612.0,videos,El Dios de los Autos,el-dios-de-los-autos,Tesla,80
NdRz8h8nIKU,!El Nuevo Dodge Attitude Chino ES MEJOR que el Anterior! ¿Porque? *CarsLatino*,https://www.youtube.com/watch?v=NdRz8h8nIKU,595.0,videos,CarsLatino,carslatino,Dodge,80
WkUCl42Bhd0,¿El PEOR Motor de Peugeot? (Puretech) *CarsLatino* (ep.3),https://www.youtube.com/watch?v=WkUCl42Bhd0,588.0,videos,CarsLatino,carslatino,Peugeot,80
q4Eha0ON8do,BMW R 1250 RT 2023: Touring de lujo en el Gran Cañón | Prueba de manejo | Jaime Gabaldoni,https://www.youtube.com/watch?v=q4Eha0ON8do,549.0,videos,Jaime Gabaldoni,jaime-gabaldoni,BMW,80
LgmjYlWAOvA,Los 10 Mejores Fiat de la Historia (Parte 1) *CarsLatino*,https://www.youtube.com/watch?v=LgmjYlWAOvA,543.0,videos,CarsLatino,carslatino,Fiat,80
Z1osowesVL0,Los 7 Mejores Autos Fiat de la Historia *CarsLatino*,https://www.youtube.com/watch?v=Z1osowesVL0,533.0,videos,CarsLatino,carslatino,Fiat,80
DfGCt5TgDO8,LA FALLA QUE HACE A JEEP PELIGROSA *CarsLatino*,https://www.youtube.com/watch?v=DfGCt5TgDO8,492.0,videos,CarsLatino,carslatino,Jeep,80
bdABjkUlKVg,Volkswagen Taos 2025 - Te digo para quién es la mejor opción,https://www.youtube.com/watch?v=bdABjkUlKVg,489.0,videos,Sergio Oliveira,sergio-oliveira,Volkswagen,80
llKqCi3kJSo,QUE AUTO BARATO ME COMPRO| RENAULT SANDERO,https://www.youtube.com/watch?v=llKqCi3kJSo,416.0,videos,El Dios de los Autos,el-dios-de-los-autos,Renault,80
897WWp2INF0,QUE AUTO BARATO ME COMPRO FIAT UNO,https://www.youtube.com/watch?v=897WWp2INF0,377.0,videos,El Dios de los Autos,el-dios-de-los-autos,Fiat,80
awtjejZLJJQ,QUE AUTO BARATO ME COMPRO PEUGEOT 208,https://www.youtube.com/watch?v=awtjejZLJJQ,372.0,videos,El Dios de los Autos,el-dios-de-los-autos,Peugeot,80
3SchgtX-JsE,Los Mejores Conceptos de Tesla Motors *CarsLatino*,https://www.youtube.com/watch?v=3SchgtX-JsE,321.0,videos,CarsLatino,carslatino,Tesla,80
1bdcjm9yJVE,De Mazda a MG - Me lo compro o no me lo compro,https://www.youtube.com/watch?v=1bdcjm9yJVE,4535.0,videos,Sergio Oliveira,sergio-oliveira,"Mazda,MG",76
N5eURT_FOTQ,De Toyota a Volvo -  Me lo compro o no me lo compro,https://www.youtube.com/watch?v=N5eURT_FOTQ,3934.0,videos,Sergio Oliveira,sergio-oliveira,"Toyota,Volvo",76
4hyw3gHG4YA,boot accu air sema 2016 las vegas nevada nissan gtr lamborghini bmw mercedes benz,https://www.youtube.com/watch?v=4hyw3gHG4YA,73.0,videos,Autoboutique 1/4 de Milla,cuarto-de-milla,"Nissan,Mercedes,BMW",76
iMABxN0D1yY,"155. Bloqueos de avenidas, Chevrolet Aveo 2024, BYD ya en México",https://www.youtube.com/watch?v=iMABxN0D1yY,3478.0,videos,Autoboutique 1/4 de Milla,cuarto-de-milla,"Chevrolet,BYD",74
ezQ8q8eoTfc,"217. Mazda más barato, filtran nuevo GTI, GMC en China",https://www.youtube.com/watch?v=ezQ8q8eoTfc,2572.0,videos,Autoboutique 1/4 de Milla,cuarto-de-milla,"Mazda,GMC",74
PpaK84peNKc,El BMW iX 50 2022 es superior al Tesla Model X | Primeras Impresiones,https://www.youtube.com/watch?v=PpaK84peNKc,2004.0,videos,Jaime Gabaldoni,jaime-gabaldoni,"Tesla,BMW",74
c1v4SIL4Q3U,HONDA vs NISSAN ¿Cual es la Reina de las Suv? *CarsLatino*,https://www.youtube.com/watch?v=c1v4SIL4Q3U,1316.0,videos,CarsLatino,carslatino,"Honda,Nissan",74
NY2ykbBPawA,Chirey Omoda 5,https://www.youtube.com/watch?v=NY2ykbBPawA,1208.0,videos,Sergio Oliveira,sergio-oliveira,"Chirey,Omoda",74
r84fMyjdmYU,FORD RAPTOR 2021 DESTROZA A RAM 1500 TRX Y TE EXPLICO POR QUÉ,https://www.youtube.com/watch?v=r84fMyjdmYU,782.0,videos,El Dios de los Autos,el-dios-de-los-autos,"Ford,Ram",74
RlYrDLaCEIg,Mercedes-Benz E 200 vs Infiniti Q70,https://www.youtube.com/watch?v=RlYrDLaCEIg,768.0,videos,Sergio Oliveira,sergio-oliveira,"Infiniti,Mercedes",74
-_wYK6bMjs0,CAMBIOS AL HONDA CIVIC! SSC TUATARA! GMC HUMMER EV Y MAS! - CLN ep1 - *CarsLatino*,https://www.youtube.com/watch?v=-_wYK6bMjs0,728.0,videos,CarsLatino,carslatino,"Honda,GMC",74
cK6f83vbtJ4,Se INCENDIAN los Autos Kia y Hyundai ¿Que Esta Pasando? *CarsLatino*,https://www.youtube.com/watch?v=cK6f83vbtJ4,618.0,videos,CarsLatino,carslatino,"Kia,Hyundai",74
