source_video_id,source_channel,source_title,source_url,claim_count,raw_transcript_stored,extraction_provider
ozfRldd0pZI,El Dios de los Autos,"¡TOYOTA ACABA DE COMPRAR NISSAN, HONDA Y MITSUBISHI!",https://www.youtube.com/watch?v=ozfRldd0pZI,1,False,local
RJuaMqk0J_M,Sergio Oliveira,"¿Me lo compro o no me lo compro? | Con Lalo Vargas | Peugeot, Ram y Renault",https://www.youtube.com/watch?v=RJuaMqk0J_M,6,False,local
qIqbZJyEcL0,Sergio Oliveira,"¿Me lo compro o no me los compro? DFSK, Dodge, FIAT, Ferrari y Ford",https://www.youtube.com/watch?v=qIqbZJyEcL0,1,False,local
ArBiSJHJGtQ,Autoboutique 1/4 de Milla,Chevrolet Onix vs Nissan Versa vs Volkswagen Virtus | Autoboutique 1/4 de Milla | Comparativa,https://www.youtube.com/watch?v=ArBiSJHJGtQ,1,False,local
vejsnt7Uj4I,Autoboutique 1/4 de Milla,Comparativa Mazda CX5 - Honda CR-v - Kia Sportage 2018,https://www.youtube.com/watch?v=vejsnt7Uj4I,1,False,local
UuNlqloMIsY,El Dios de los Autos,"¿BMW, AUDI O MERCEDES? |EXPLICACIÓN A PRUEBA DE IDIOTAS",https://www.youtube.com/watch?v=UuNlqloMIsY,1,False,local
1uEFPVfhXWA,El Dios de los Autos,NO COMPRES TOYOTA COROLLA CROSS ni HONDA ZR-V o Mazda CX30 antes de Ver Esto,https://www.youtube.com/watch?v=1uEFPVfhXWA,1,False,local
uxW9LZ9yuuw,El Dios de los Autos,"NO COMPRE TOYOTA, HONDA O MAZDA NUEVOS EN ESTE MOMENTO",https://www.youtube.com/watch?v=uxW9LZ9yuuw,1,False,local
dTKOz2AF8do,Autoboutique 1/4 de Milla,Comparativas 0-100 en CDMX Mazda 3 Signaturo Turbo Vs Seat Leon Cupra.,https://www.youtube.com/watch?v=dTKOz2AF8do,1,False,local
MTnDZy3vkmk,Autoboutique 1/4 de Milla,"Audi A3 Sedan, Ford Mondeo, Mazda el mejor lugar para trabajar, Toyota Yaris GRMN | Podcast #32",https://www.youtube.com/watch?v=MTnDZy3vkmk,1,False,local
XU_i1DgxASY,Autoboutique 1/4 de Milla,"32. Audi A3 Sedan, Ford Mondeo, Mazda el mejor lugar para trabajar, Toyota Yaris GRMN",https://www.youtube.com/watch?v=XU_i1DgxASY,2,False,local
3HWIPj0zR3c,Autoboutique 1/4 de Milla,"113. ¿De qué nos disfrazamos?, Chirey Omoda 5, Ford Bronco Raptor, Honda Odyssey Black Edition.",https://www.youtube.com/watch?v=3HWIPj0zR3c,2,False,local
XZbAJU5j15Y,Autoboutique 1/4 de Milla,"Chevrolet Montana, Toyota Avanza 2022, Volvo C40 Recharge, Jac o Maserati | Podcast #48",https://www.youtube.com/watch?v=XZbAJU5j15Y,1,False,local
tXFtwyJ0HJI,Autoboutique 1/4 de Milla,"48. Chevrolet Montana, Toyota Avanza 2022, Volvo C40 Recharge, Jac o Maserati",https://www.youtube.com/watch?v=tXFtwyJ0HJI,1,False,local
zGZVCUjlaIk,El Dios de los Autos,"HYUNDAI acaba de SUPERAR a TOYOTA, Honda y Mazda",https://www.youtube.com/watch?v=zGZVCUjlaIk,1,False,local
G55hZPKV2GE,El Dios de los Autos,"NISSAN y HONDA Presentan PICK UP de $15,000 (TOYOTA y FORD Entran en PANICO)",https://www.youtube.com/watch?v=G55hZPKV2GE,1,False,local
bSqOHwsmxd8,El Dios de los Autos,"ENFRENTÉ al Toyota GR COROLLA con HONDA Civic Type R, Hyundai Elantra N, Subaru WRX y muchos otros",https://www.youtube.com/watch?v=bSqOHwsmxd8,1,False,local
iqwhfhTaHwE,El Dios de los Autos,"NUEVO Toyota RAV4 2026 HUMILLA a Subaru, Honda y Mazda (Superior en TODO sentido)",https://www.youtube.com/watch?v=iqwhfhTaHwE,6,False,local
kFcNV8iXLuo,El Dios de los Autos,"BYD Acaba de poner DE RODILLAS a Toyota, Nissan y Mazda",https://www.youtube.com/watch?v=kFcNV8iXLuo,6,False,local
ct4XOGBG4s8,El Dios de los Autos,NO VALE LA PENA COMPRAR 0KM #cars #autos #coches #toyota #nissan #hyundai #kia #ford #chevrolet,https://www.youtube.com/shorts/ct4XOGBG4s8,1,False,local
7PF0lg6Qlaw,Autoboutique 1/4 de Milla,"Los problemas del Aeropuerto, Recall Hyundai Kia, Seguimos sin semiconductores, San Valentín | #38",https://www.youtube.com/watch?v=7PF0lg6Qlaw,1,False,local
QsTDhkzh6KU,Autoboutique 1/4 de Milla,"38. Los problemas del Aeropuerto, Recall Hyundai Kia, Seguimos sin semiconductores, San Valentín",https://www.youtube.com/watch?v=QsTDhkzh6KU,1,False,local
4YE48mPc8pM,Autoboutique 1/4 de Milla,"76. Onix 2023, Cupra León 245, Precios Chirey, Historias de Chevy.",https://www.youtube.com/watch?v=4YE48mPc8pM,1,False,local
CQcRiCxB38E,Sergio Oliveira,De Peugeot a Renault - Me lo compro o no me lo compro,https://www.youtube.com/watch?v=CQcRiCxB38E,1,False,local
ceNBj66rGvQ,Autoboutique 1/4 de Milla,"193. Chevrolet Montana, Suzuki Fronx, Vuelve GTI, Precios Polo, BR-V y Acord",https://www.youtube.com/watch?v=ceNBj66rGvQ,1,False,local
4CAXSFpMq0E,Autoboutique 1/4 de Milla,"104. PruebameLa Nave de Acura Integra, ID Buzz, Fiat Mobi, Honda",https://www.youtube.com/watch?v=4CAXSFpMq0E,1,False,local
fOfo6GORkWs,Autoboutique 1/4 de Milla,"146. Tesla en México, Comprar en agencias de contado, Mazda CX-50",https://www.youtube.com/watch?v=fOfo6GORkWs,1,False,local
wFtjSBAacbI,Sergio Oliveira,¿Me lo compro o no me lo compro? - Con Lalo Vargas - FIAT y Ford,https://www.youtube.com/watch?v=wFtjSBAacbI,6,False,local
E-dAwmDZ80M,Sergio Oliveira,¿Me lo compro o no me lo compro? | Con Lalo Vargas | GMC y Honda,https://www.youtube.com/watch?v=E-dAwmDZ80M,6,False,local
fASJ3iE-Yxg,Sergio Oliveira,"¿Me lo compro o no me lo compro? 1 Con Lalo Vargas | China, Infiniti y Jeep",https://www.youtube.com/watch?v=fASJ3iE-Yxg,6,False,local
Q6fnYdICjRc,Sergio Oliveira,Chevrolet Bolt EV 2018. La mejor alternativa a un Tesla.,https://www.youtube.com/watch?v=Q6fnYdICjRc,1,False,local
wCIFANQS4RM,Autoboutique 1/4 de Milla,Seat Leon Cupra 290 | PruebameLa... Nave #18 | Reseña,https://www.youtube.com/watch?v=wCIFANQS4RM,1,False,local
Lm1_TKc7Eow,Sergio Oliveira,"Nissan Versa vs Ford Figo. Si es tan bueno el Versa, ¿por qué compré un Figo?",https://www.youtube.com/watch?v=Lm1_TKc7Eow,1,False,local
8koVSrO15JA,CarsLatino,Rueda Contra Rueda - Renault Koleos vs Peugeot 3008 (Comparativa) *CarsLatino*,https://www.youtube.com/watch?v=8koVSrO15JA,1,False,local
xzb4lyukVms,El Dios de los Autos,¿MAZDA ES MEJOR AUTO PREMIUM QUE BMW?,https://www.youtube.com/watch?v=xzb4lyukVms,6,False,local
c6lV2K20_vg,Sergio Oliveira,Seat León Cupra 2017.  Velocidad a precio de ganga,https://www.youtube.com/watch?v=c6lV2K20_vg,1,False,local
kqOJExPj9BE,El Dios de los Autos,JEEP GRAND CHEROKEE VS DODGE DURANGO ¿CUAL ES MEJOR? | Versus de vehículos,https://www.youtube.com/watch?v=kqOJExPj9BE,6,False,local
NdhciZTmHU0,El Dios de los Autos,Prueba de manejo: MAZDA 3 VS. KIA KOUP,https://www.youtube.com/watch?v=NdhciZTmHU0,2,False,local
LZb5dDY_lAI,Sergio Oliveira,Subaru BRZ vs Mazda MX-5. ¿Cuál es el mejor?,https://www.youtube.com/watch?v=LZb5dDY_lAI,2,False,local
mdiWpDX7FNk,CarsLatino,5 KIA/HYUNDAI QUE NO DEBERÍAS COMPRAR Y 5 QUE SI *CarsLatino*,https://www.youtube.com/watch?v=mdiWpDX7FNk,2,False,local
VWTikrCbsyU,Sergio Oliveira,"Infiniti QX30 2017; Alma de Mercedes, aunque no del mejor Mercedes.",https://www.youtube.com/watch?v=VWTikrCbsyU,2,False,local
qG98Th4nygU,El Dios de los Autos,NISSAN Y MITSUBISHI SON COMPRADOS POR MARCA CHINA - ENORME NOTICIA,https://www.youtube.com/watch?v=qG98Th4nygU,4,False,local
IVNVRKQ6D68,El Dios de los Autos,"¡MG ACABA DE COMPRAR JEEP, ALFA ROMEO Y MASERATI!",https://www.youtube.com/watch?v=IVNVRKQ6D68,1,False,local
I944R7n7dfI,El Dios de los Autos,NUEVO Toyota Land Cruiser FJ SE COME VIVO A SUZUKI JIMNY (ADIOS SUZUKI ya nadie te COMPRARÁ),https://www.youtube.com/watch?v=I944R7n7dfI,1,False,local
8rRsSjBmFzI,El Dios de los Autos,MG ACABA DE COMPRAR BMW (ESTO LO CAMBIA TODO),https://www.youtube.com/watch?v=8rRsSjBmFzI,1,False,local
oKHE7t_hGjs,El Dios de los Autos,COMPRÉ UN VOLVO XC40 HIBRIDO ¿REALMENTE DESTROZA AL BMW X1?,https://www.youtube.com/watch?v=oKHE7t_hGjs,2,False,local
xJKQKFfs9ew,El Dios de los Autos,¿Compro un AUDI A1 o un TOYOTA COROLLA? AHORA CUESTAN IGUAL,https://www.youtube.com/watch?v=xJKQKFfs9ew,1,False,local
-iHkQmXpWG4,Sergio Oliveira,Comparativa Toyota Prius vs Honda Insight,https://www.youtube.com/watch?v=-iHkQmXpWG4,2,False,local
1_3A_7ajBFY,El Dios de los Autos,HYUNDAI i10 VS. VOLKSWAGEN UP! ¿CUAL ES MEJOR?,https://www.youtube.com/watch?v=1_3A_7ajBFY,2,False,local
-q-MKAR9AUc,Autoboutique 1/4 de Milla,Casos extremos con fallas en vehiculos Chirey y Omoda.,https://www.youtube.com/watch?v=-q-MKAR9AUc,3,False,local
i4gvUL_mZ6M,El Dios de los Autos,CUIDADO!!! NO CAIGAS!! #toyota #auto #hyundai #mazda #nissan #honda #mitsubishi #mazda #volkswagen,https://www.youtube.com/shorts/i4gvUL_mZ6M,4,False,local
gw9Rc4_qs6U,Sergio Oliveira,"¿Me lo compro o no me lo compro? GMC, GWM, Honda, Hyundai",https://www.youtube.com/watch?v=gw9Rc4_qs6U,4,False,local
i9MvJIC7Zf0,Autoboutique 1/4 de Milla,"Chirey Omoda 5, Subaru WRX S4, Autódromo Riviera Maya, Categorías Rabadilla de Oro | 19",https://www.youtube.com/watch?v=i9MvJIC7Zf0,3,False,local
OEP3diaCMWw,Autoboutique 1/4 de Milla,"19. Chirey Omoda 5, Subaru WRX S4, Autódromo Riviera Maya, Categorías Rabadilla de Oro",https://www.youtube.com/watch?v=OEP3diaCMWw,3,False,local
Uszu_nmH-SA,Autoboutique 1/4 de Milla,"Mesa Autmotriz Febrero 19 | Mazda, Suzuki y Kia | Formula Automotriz",https://www.youtube.com/watch?v=Uszu_nmH-SA,3,False,local
CwdTCbBrBfg,Autoboutique 1/4 de Milla,"Pre día del niño, Nuevo Honda Type R, Suzuki Ertiga 2023, Tesla Cyber Truck | #59",https://www.youtube.com/watch?v=CwdTCbBrBfg,3,False,local
JrVN4HVNjJg,Autoboutique 1/4 de Milla,"161. BYD Seagull, Cupra Tavaskan, Jaecoo 7 y 9, Mach E en Australia",https://www.youtube.com/watch?v=JrVN4HVNjJg,1,False,local
BhwicrKoEO4,Autoboutique 1/4 de Milla,"Fanáticos de MG, Ford Ranger Raptor, Mazda CX-3 Mexicana, Carretera con carga inalámbrica | #43",https://www.youtube.com/watch?v=BhwicrKoEO4,3,False,local
cQZbi2OPviU,Autoboutique 1/4 de Milla,"43. Fanáticos de MG, Ford Ranger Raptor, Mazda CX-3 Mexicana, Carretera con carga inalámbrica",https://www.youtube.com/watch?v=cQZbi2OPviU,3,False,local
5p0P6HyYtW0,Autoboutique 1/4 de Milla,"224. Tank 300 híbrido, Chirey y DHL hacen alianza, Nissan y Honda vs China",https://www.youtube.com/watch?v=5p0P6HyYtW0,3,False,local
hqsVHkRdSP4,El Dios de los Autos,"Chevrolet ¡NUEVA Pick Up de $17,000 TIENE a Toyota y Ford de RODILLAS!",https://www.youtube.com/watch?v=hqsVHkRdSP4,3,False,local
fk_e5VCbj-Q,El Dios de los Autos,¡NUEVA SUV Fiat Barata deja obsoletos a Toyota y Nissan!,https://www.youtube.com/watch?v=fk_e5VCbj-Q,2,False,local
6leoXMpsOjw,El Dios de los Autos,"CADILLAC ACABA DE APLASTAR A BMW, AUDI Y MERCEDES (Y NADIE LO HA NOTADO)",https://www.youtube.com/watch?v=6leoXMpsOjw,4,False,local
C0G0H_c_o48,El Dios de los Autos,¡Ford está FURIOSO! Responde TOYOTA y Suzuki!!,https://www.youtube.com/watch?v=C0G0H_c_o48,3,False,local
rmKPNgKpHKw,El Dios de los Autos,TESLA AHORA ES DUEÑO DE FORD Y CHEVROLET,https://www.youtube.com/watch?v=rmKPNgKpHKw,3,False,local
Iv9QnL7nz-4,Jaime Gabaldoni,"Japan Mobility Show 2025: Lexus, Toyota, Subaru, Mazda and the future of mobility | Jaime Gabaldoni",https://www.youtube.com/watch?v=Iv9QnL7nz-4,4,False,local
dBPQQ84QPoQ,Autoboutique 1/4 de Milla,hyundai atos a prueba de dinamometro vendido en mexico dodge motor 1.0 litros,https://www.youtube.com/watch?v=dBPQQ84QPoQ,2,False,local
-ayU1rQYyxM,Jaime Gabaldoni,Jeep Gladiator Mojave vs Ford F-150 Raptor: ¿Son realmente comparables?,https://www.youtube.com/watch?v=-ayU1rQYyxM,2,False,local
hRJTmW-1Ajk,Autoboutique 1/4 de Milla,"El Podcast de Autos 104 | PruebameLa Nave de Acura Integra, ID Buzz, Fiat Mobi, Honda",https://www.youtube.com/watch?v=hRJTmW-1Ajk,3,False,local
CQOM0NXov44,Sergio Oliveira,¿Me lo compro o no me lo compro? Chevrolet,https://www.youtube.com/watch?v=CQOM0NXov44,1,False,local
-HTgIYuKJi0,Sergio Oliveira,¿Me lo compro o no me lo compro? | Con Lalo Vargas | Toyota,https://www.youtube.com/watch?v=-HTgIYuKJi0,1,False,local
vUoMJrMWzXg,Sergio Oliveira,"¿Me lo compro o no me lo compro? Jetour, JIM, JMC y Kia",https://www.youtube.com/watch?v=vUoMJrMWzXg,1,False,local
K4tz6lkjYQA,Sergio Oliveira,¿Me lo compro o no me lo compro? BUICK y BYD,https://www.youtube.com/watch?v=K4tz6lkjYQA,1,False,local
I_fLLaMrC7c,Sergio Oliveira,Me lo compro o no me lo compro. Alfa Romeo y Audi,https://www.youtube.com/watch?v=I_fLLaMrC7c,2,False,local
jkAknhO9cfs,Autoboutique 1/4 de Milla,BMW X6M50I 2021 | PruebameLa... Nave #137 | Reseña,https://www.youtube.com/watch?v=jkAknhO9cfs,1,False,local
nyNvIP1LJbo,Autoboutique 1/4 de Milla,Jeep SkyFreedom 4 cil Turbo | PruebameLa... Nave #128 | Reseña,https://www.youtube.com/watch?v=nyNvIP1LJbo,1,False,local
Jl7hOoO6E1s,Jaime Gabaldoni,2024 Dodge Durango SRT Hellcat Review 🔥 | Jaime Gabaldoni,https://www.youtube.com/watch?v=Jl7hOoO6E1s,4,False,local
ZfI1VAFeKN8,Autoboutique 1/4 de Milla,"El precio del limón y el aguacate, Ram Night Edition, Kwid 2023. | Podcast #33",https://www.youtube.com/watch?v=ZfI1VAFeKN8,1,False,local
bff0Ni8J7IM,Autoboutique 1/4 de Milla,"33. El precio del limón y el aguacate, Ram Night Edition, Kwid 2023.",https://www.youtube.com/watch?v=bff0Ni8J7IM,2,False,local
gUtXfK8gI44,Sergio Oliveira,Suzuki bajó los precios en toda su gama - La Cochera Radio 13 enero,https://www.youtube.com/watch?v=gUtXfK8gI44,2,False,local
oBEJMOQgZeg,Sergio Oliveira,Dodge Attitude mejora de la tierra al cielo - LaCochera Radio 7sep,https://www.youtube.com/watch?v=oBEJMOQgZeg,1,False,local
a3x14a4C0bg,Autoboutique 1/4 de Milla,Peugeot Rifter Allure hdi 2021 | PruebameLa... Nave #133 | Reseña,https://www.youtube.com/watch?v=a3x14a4C0bg,1,False,local
C21eAHuMhgA,Jaime Gabaldoni,2023 Dodge Challenger SRT Review // 🦖 An American in danger of extinction 🇺🇸 - Jaime Gabaldoni,https://www.youtube.com/watch?v=C21eAHuMhgA,1,False,local
f1aT1O41wEs,Jaime Gabaldoni,Jeep Wrangler 392 Final Edition: ¿el último Wrangler con motor HEMI V8? | Review | Jaime Gabaldoni,https://www.youtube.com/watch?v=f1aT1O41wEs,1,False,local
5b0XhhpGHlc,Autoboutique 1/4 de Milla,BMW M240i Xdrive 2025 | PruebameLa... Nave #235 | Reseña,https://www.youtube.com/watch?v=5b0XhhpGHlc,1,False,local
mXEY7BDpM50,Jaime Gabaldoni,Nissan GT-R R35 2023: “Godzilla” sigue imparable | Prueba de manejo | Jaime Gabaldoni,https://www.youtube.com/watch?v=mXEY7BDpM50,4,False,local
FVyPQ1hjKnU,Jaime Gabaldoni,Chevrolet Colorado Z71 2023 - 🤔 ¿La mejor pickup mediana? 🛻 | Reseña Jaime Gabaldoni,https://www.youtube.com/watch?v=FVyPQ1hjKnU,1,False,local
TRAdnQbFQm8,Jaime Gabaldoni,Honda Civic Type R 2023 | Prueba Completa [HD],https://www.youtube.com/watch?v=TRAdnQbFQm8,1,False,local
H8GrL02XiOM,Autoboutique 1/4 de Milla,Dodge Challenger SRT Hellcat Redeye Widebody | PruebameLa... Nave #87 | Reseña,https://www.youtube.com/watch?v=H8GrL02XiOM,1,False,local
ubnd7gHVK-c,Autoboutique 1/4 de Milla,Renault Duster Oroch | PruebameLa... Nave #63 | Reseña,https://www.youtube.com/watch?v=ubnd7gHVK-c,1,False,local
FjY4LGAf9Jk,CarsLatino,Mi Nuevo Auto a Detalle!! (Version COMPLETA) (Prueba de Manejo Mazda 3 S GT 2017) *CarsLatino*,https://www.youtube.com/watch?v=FjY4LGAf9Jk,1,False,local
vWr-5fVzYNY,Autoboutique 1/4 de Milla,Renault Duster Turbo CVT | PruebameLa... Nave #184 | Reseña,https://www.youtube.com/watch?v=vWr-5fVzYNY,1,False,local
Bbyr5Wa81Lg,Jaime Gabaldoni,The new 2025 MAZDA CX-70 Can it be compared to the European luxury models?| Review | Jaime Gabaldoni,https://www.youtube.com/watch?v=Bbyr5Wa81Lg,4,False,local
FTgw6q07d9w,Autoboutique 1/4 de Milla,Volkswagen Polo 2020 | PruebameLa... Nave #112 | Reseña,https://www.youtube.com/watch?v=FTgw6q07d9w,1,False,local
z1RBvS2-nFQ,Jaime Gabaldoni,Ford Expedition 2025: ¿La mejor SUV familiar tamaño completo? | Prueba de Manejo | Jaime Gabaldoni,https://www.youtube.com/watch?v=z1RBvS2-nFQ,4,False,local
r4yJ_RMtkuE,Autoboutique 1/4 de Milla,"Precio elevado, ahorro justificado? Mitsubishi Outlander PHEV | PruebameLa... Nave #175 | Reseña",https://www.youtube.com/watch?v=r4yJ_RMtkuE,1,False,local
0quk2v4JBB4,Sergio Oliveira,Kia Stinger. Video con audio mejorado,https://www.youtube.com/watch?v=0quk2v4JBB4,1,False,local
QitI0_bBVRU,Jaime Gabaldoni,🚐🔋 Volkswagen ID. Buzz 2025: la combi eléctrica moderna ⚡🚀 | Prueba de manejo | Jaime Gabaldoni,https://www.youtube.com/watch?v=QitI0_bBVRU,4,False,local
O4VMhPiVT50,Jaime Gabaldoni,Toyota Tacoma i-Force Max TRD Pro 2025: Lista para el off-road | Prueba de manejo | Jaime Gabaldoni,https://www.youtube.com/watch?v=O4VMhPiVT50,4,False,local
sWmGLwDf71o,Autoboutique 1/4 de Milla,Peugeot 301 HDI 2020 ( diesel )| PruebameLa... Nave #139 | Reseña,https://www.youtube.com/watch?v=sWmGLwDf71o,1,False,local
ccYx3lkQtrE,Jaime Gabaldoni,Chevrolet Corvette C8 Z06 2023 | Prueba Completa [HD],https://www.youtube.com/watch?v=ccYx3lkQtrE,1,False,local
KG2WuiEhlK8,Autoboutique 1/4 de Milla,Infiniti QX50 | PruebameLa... Nave #46 | Reseña,https://www.youtube.com/watch?v=KG2WuiEhlK8,1,False,local
OiivNjk13t4,Autoboutique 1/4 de Milla,Jeep Grand Cherokee SRT8 | PruebameLa... Nave #109 | Reseña,https://www.youtube.com/watch?v=OiivNjk13t4,1,False,local
Ta_QwNdOTM0,Jaime Gabaldoni,Nissan Armada/Patrol Nismo 2026: La SUV deportiva INESPERADA de Nissan | Prueba de manejo,https://www.youtube.com/watch?v=Ta_QwNdOTM0,4,False,local
-FnDxyk1_cI,Jaime Gabaldoni,GMC Sierra EV AT4 2026: La pick-up eléctrica más capaz de GMC | Prueba de manejo | Jaime Gabaldoni,https://www.youtube.com/watch?v=-FnDxyk1_cI,4,False,local
NuVyp1iu9-g,Sergio Oliveira,Entrevista Miguel Barbeyto. ¿Cuándo habrá CX-30? ¿Por qué bajó de precio Mazda 3?,https://www.youtube.com/watch?v=NuVyp1iu9-g,1,False,local
yiuViWzrRmU,Sergio Oliveira,Nissan LEAF 2018 - Y lo puedes comprar por Internet,https://www.youtube.com/watch?v=yiuViWzrRmU,1,False,local
arDaOi3bbhA,Jaime Gabaldoni,"Audi RS 7 Performance 2025: potencia, lujo y tecnología | Prueba de manejo | Jaime Gabaldoni",https://www.youtube.com/watch?v=arDaOi3bbhA,4,False,local
t2HI1mdkrZk,Jaime Gabaldoni,Audi Q8 Sportback e-tron 2024 - 🔋 una de las mejores SUV eléctricas hoy ⚡️ | Reseña Jaime Gabaldoni,https://www.youtube.com/watch?v=t2HI1mdkrZk,1,False,local
r0wxQs3Wizw,Jaime Gabaldoni,BMW 330i xDrive 2025: ¿vale la pena? | Prueba de manejo | Jaime Gabaldoni,https://www.youtube.com/watch?v=r0wxQs3Wizw,4,False,local
S3NnUhMRK7c,Autoboutique 1/4 de Milla,Mitsubishi L200 2021 | PruebameLaNave #160 | Reseña,https://www.youtube.com/watch?v=S3NnUhMRK7c,1,False,local
HGMlyLVXiU0,Jaime Gabaldoni,Detalles del ultimo Volkswagen Passat | Prueba de Manejo [4K],https://www.youtube.com/watch?v=HGMlyLVXiU0,1,False,local
uqldlna5qnk,Autoboutique 1/4 de Milla,GMC Sierra Denali 2019 | PruebameLa... Nave #73 | Reseña,https://www.youtube.com/watch?v=uqldlna5qnk,1,False,local
paAQvYxjyn0,El Dios de los Autos,BYD ES LA MEJOR MARCA DEL MUNDO,https://www.youtube.com/watch?v=paAQvYxjyn0,2,False,local
lxul6hl3wgE,Sergio Oliveira,Volvo XC40. Prueba de que lo seguro y económico no tiene que ser aburrido.,https://www.youtube.com/watch?v=lxul6hl3wgE,1,False,local
fKrXVm0Dw88,Jaime Gabaldoni,Mercedes-AMG GT63 COUPÉ 2025 | Prueba de Manejo | Jaime Gabaldoni,https://www.youtube.com/watch?v=fKrXVm0Dw88,4,False,local
FUFANojXJJ4,Jaime Gabaldoni,RAM 2500 Heavy Duty Diesel 2025: ¿La pickup más poderosa? | Prueba de Manejo | Jaime Gabaldoni,https://www.youtube.com/watch?v=FUFANojXJJ4,4,False,local
0agsGb2JgMw,Sergio Oliveira,Audi Q8 S Line 2020. La Mejor en su clase.,https://www.youtube.com/watch?v=0agsGb2JgMw,1,False,local
I3uqdp9_2Cw,Jaime Gabaldoni,Volvo XC90 PHEV 2026: ¿El SUV híbrido premium más completo? | Prueba de Manejo | Jaime Gabaldoni,https://www.youtube.com/watch?v=I3uqdp9_2Cw,4,False,local
sEdkFx4BdqM,Jaime Gabaldoni,Kia Telluride 2027: ¿La mejor SUV familiar? con @Guaroaubinas | Prueba de manejo | Jaime Gabaldoni,https://www.youtube.com/watch?v=sEdkFx4BdqM,2,False,local
vaysVq7ZuDw,Sergio Oliveira,Ram 700 2021. El mejor valor/precio de su categoría.,https://www.youtube.com/watch?v=vaysVq7ZuDw,1,False,local
uKEpI2sTjjU,CarsLatino,Prueba de Manejo BMW 330iA Sport Line 2018 *CarsLatino*,https://www.youtube.com/watch?v=uKEpI2sTjjU,1,False,local
K-UDgvs1A0g,Sergio Oliveira,BMW 540i iA M Sport 2018. ¿El mejor sedán de su clase en el mundo?,https://www.youtube.com/watch?v=K-UDgvs1A0g,1,False,local
cersmp7KeWg,CarsLatino,Mi Nuevo Auto a Detalle!! (Version Corta) (Prueba de Manejo Mazda 3 S GT 2017) *CarsLatino*,https://www.youtube.com/watch?v=cersmp7KeWg,1,False,local
bo-1Fp-mots,Jaime Gabaldoni,El VOLVO XC60 T8 2024 BLACK EDITION | Prueba de Manejo | Jaime Gabaldoni,https://www.youtube.com/watch?v=bo-1Fp-mots,4,False,local
zd9Q6h0GCUU,CarsLatino,Prueba de Manejo Volkswagen Jetta (Bora) GLI 2007 y algo mas *CarsLatino*,https://www.youtube.com/watch?v=zd9Q6h0GCUU,1,False,local
o4gLVrL2tIA,Sergio Oliveira,"Hyundai Grand i10 sedán 2021. Le sobra precio, le falta seguridad.",https://www.youtube.com/watch?v=o4gLVrL2tIA,1,False,local
dDztRzElBPg,Sergio Oliveira,Seat Tarraco. ¿Mejor que la Tiguan?,https://www.youtube.com/watch?v=dDztRzElBPg,1,False,local
tYTd934ol2w,CarsLatino,Vale La Pena El Honda Civic Lx 2007 ? *CarsLatino*,https://www.youtube.com/watch?v=tYTd934ol2w,1,False,local
1V3cZD0T66U,Sergio Oliveira,BMW Serie 7 2023. El mejor sedán en su categoría.,https://www.youtube.com/watch?v=1V3cZD0T66U,1,False,local
d4RAEvZ5m-k,Sergio Oliveira,Jeep Avenger Turbo - El Jeep que podríamos comprar,https://www.youtube.com/watch?v=d4RAEvZ5m-k,2,False,local
JVdm6QxjN-Q,CarsLatino,¿Aun Vale La Pena Un Honda Civic 2009 En El 2024? (Nuevo Auto) *CarsLatino*,https://www.youtube.com/watch?v=JVdm6QxjN-Q,1,False,local
GOT6xoAf5p0,CarsLatino,5 JEEP QUE NO DEBERÍAS COMPRAR Y 5 QUE SI *CarsLatino*,https://www.youtube.com/watch?v=GOT6xoAf5p0,1,False,local
Ho1l6ZXfv9w,Sergio Oliveira,Jac Frison T6. El mejor motor de su categoría.,https://www.youtube.com/watch?v=Ho1l6ZXfv9w,1,False,local
w13rqSdIQEw,Sergio Oliveira,"Subaru Forester 2019, ¿La mejor en su clase?",https://www.youtube.com/watch?v=w13rqSdIQEw,1,False,local
4jrRvn9Guh0,Sergio Oliveira,"Cupra Formentor 190 - Precioso, pero no para entusiastas",https://www.youtube.com/watch?v=4jrRvn9Guh0,1,False,local
yIDCcL0gbD4,CarsLatino,5 NISSAN QUE NO DEBERÍAS COMPRAR Y 5 QUE SI *CarsLatino*,https://www.youtube.com/watch?v=yIDCcL0gbD4,1,False,local
6FPe17Hb180,CarsLatino,5 MERCEDES BENZ QUE NO DEBERÍAS COMPRAR Y 5 QUE SI *CarsLatino*,https://www.youtube.com/watch?v=6FPe17Hb180,1,False,local
Wam4zmsU9-0,CarsLatino,El Interior Es Lo Que Cuenta - Prueba de Manejo Mercedes Benz C200 Sport *CarsLatino*,https://www.youtube.com/watch?v=Wam4zmsU9-0,1,False,local
tyIjiNEtZso,CarsLatino,MEJORANDO AL MITSUBISHI 3000GT! (Proyecto 3000gt - ep02) *CarsLatino*,https://www.youtube.com/watch?v=tyIjiNEtZso,2,False,local
mYIIqnu4dco,Jaime Gabaldoni,"Kia K4 Hatchback 2026: Motor turbo, manejo ágil y estilo único | Prueba de manejo | Jaime Gabaldoni",https://www.youtube.com/watch?v=mYIIqnu4dco,3,False,local
eHBV2250YOg,Sergio Oliveira,"JAC Sei7 2019, el mejor valor/precio de todo el segmento",https://www.youtube.com/watch?v=eHBV2250YOg,1,False,local
yyB2uL3FoM8,CarsLatino,5 VOLKSWAGEN QUE NO DEBERÍAS COMPRAR Y 5 QUE SI *CarsLatino*,https://www.youtube.com/watch?v=yyB2uL3FoM8,3,False,local
s28DNfI0zCg,El Dios de los Autos,¿QUÉ IDIOTA COMPRA UN DODGE ATTITUDE 2025?,https://www.youtube.com/watch?v=s28DNfI0zCg,4,False,local
U9XFsfIUJWk,CarsLatino,5 DODGE QUE NO DEBERÍAS COMPRAR Y 5 QUE SI *CarsLatino*,https://www.youtube.com/watch?v=U9XFsfIUJWk,1,False,local
bCVDTzbi91A,Sergio Oliveira,Suzuki S-Cross. A veces la mejor opción es la que menos consideras.,https://www.youtube.com/watch?v=bCVDTzbi91A,1,False,local
EGtnVtejo2o,El Dios de los Autos,COMPRÉ un RENAULT y lo DESTRUÍ al instante,https://www.youtube.com/watch?v=EGtnVtejo2o,1,False,local
eBAl-Fj1lkQ,CarsLatino,5 MITSUBISHI QUE NO DEBERÍAS COMPRAR Y 5 QUE SI *CarsLatino*,https://www.youtube.com/watch?v=eBAl-Fj1lkQ,1,False,local
AgB9XQ_yXso,CarsLatino,6 FORD QUE NO DEBERÍAS COMPRAR... Y 6 QUE SI *CarsLatino*,https://www.youtube.com/watch?v=AgB9XQ_yXso,1,False,local
hfnxIwleCjo,CarsLatino,5 BMW QUE NO DEBERÍAS COMPRAR Y 5 QUE SI *CarsLatino*,https://www.youtube.com/watch?v=hfnxIwleCjo,1,False,local
pAJU2TINMkc,CarsLatino,5 TOYOTA QUE NO DEBERÍAS COMPRAR Y 5 QUE SI *CarsLatino*,https://www.youtube.com/watch?v=pAJU2TINMkc,1,False,local
IPLcfL9-sBM,CarsLatino,Los 10 Peores TOYOTA del Mundo! *CarsLatino*,https://www.youtube.com/watch?v=IPLcfL9-sBM,1,False,local
IsJaHl6QRgY,CarsLatino,Los 7 PEORES Subaru del Mundo *CarsLatino*,https://www.youtube.com/watch?v=IsJaHl6QRgY,1,False,local
0g36IgAMljQ,CarsLatino,5 CHEVROLET QUE NO DEBERÍAS COMPRAR... Y 5 QUE SI *CarsLatino*,https://www.youtube.com/watch?v=0g36IgAMljQ,1,False,local
UswYsvjUq9E,CarsLatino,Prueba de Manejo - Kia Sorento Ex 2018 *CarsLatino*,https://www.youtube.com/watch?v=UswYsvjUq9E,1,False,local
hC557xbz5XE,CarsLatino,Prueba de Manejo - Ford Mustang GT 2017,https://www.youtube.com/watch?v=hC557xbz5XE,2,False,local
hHIikqGcfD4,El Dios de los Autos,EL TESLA MODEL 3 ES El MEJOR AUTO DEL MUNDO,https://www.youtube.com/watch?v=hHIikqGcfD4,1,False,local
NdRz8h8nIKU,CarsLatino,!El Nuevo Dodge Attitude Chino ES MEJOR que el Anterior! ¿Porque? *CarsLatino*,https://www.youtube.com/watch?v=NdRz8h8nIKU,1,False,local
WkUCl42Bhd0,CarsLatino,¿El PEOR Motor de Peugeot? (Puretech) *CarsLatino* (ep.3),https://www.youtube.com/watch?v=WkUCl42Bhd0,1,False,local
q4Eha0ON8do,Jaime Gabaldoni,BMW R 1250 RT 2023: Touring de lujo en el Gran Cañón | Prueba de manejo | Jaime Gabaldoni,https://www.youtube.com/watch?v=q4Eha0ON8do,4,False,local
LgmjYlWAOvA,CarsLatino,Los 10 Mejores Fiat de la Historia (Parte 1) *CarsLatino*,https://www.youtube.com/watch?v=LgmjYlWAOvA,1,False,local
Z1osowesVL0,CarsLatino,Los 7 Mejores Autos Fiat de la Historia *CarsLatino*,https://www.youtube.com/watch?v=Z1osowesVL0,1,False,local
DfGCt5TgDO8,CarsLatino,LA FALLA QUE HACE A JEEP PELIGROSA *CarsLatino*,https://www.youtube.com/watch?v=DfGCt5TgDO8,1,False,local
bdABjkUlKVg,Sergio Oliveira,Volkswagen Taos 2025 - Te digo para quién es la mejor opción,https://www.youtube.com/watch?v=bdABjkUlKVg,1,False,local
llKqCi3kJSo,El Dios de los Autos,QUE AUTO BARATO ME COMPRO| RENAULT SANDERO,https://www.youtube.com/watch?v=llKqCi3kJSo,1,False,local
897WWp2INF0,El Dios de los Autos,QUE AUTO BARATO ME COMPRO FIAT UNO,https://www.youtube.com/watch?v=897WWp2INF0,1,False,local
awtjejZLJJQ,El Dios de los Autos,QUE AUTO BARATO ME COMPRO PEUGEOT 208,https://www.youtube.com/watch?v=awtjejZLJJQ,1,False,local
3SchgtX-JsE,CarsLatino,Los Mejores Conceptos de Tesla Motors *CarsLatino*,https://www.youtube.com/watch?v=3SchgtX-JsE,1,False,local
1bdcjm9yJVE,Sergio Oliveira,De Mazda a MG - Me lo compro o no me lo compro,https://www.youtube.com/watch?v=1bdcjm9yJVE,4,False,local
N5eURT_FOTQ,Sergio Oliveira,De Toyota a Volvo -  Me lo compro o no me lo compro,https://www.youtube.com/watch?v=N5eURT_FOTQ,3,False,local
4hyw3gHG4YA,Autoboutique 1/4 de Milla,boot accu air sema 2016 las vegas nevada nissan gtr lamborghini bmw mercedes benz,https://www.youtube.com/watch?v=4hyw3gHG4YA,3,False,local
iMABxN0D1yY,Autoboutique 1/4 de Milla,"155. Bloqueos de avenidas, Chevrolet Aveo 2024, BYD ya en México",https://www.youtube.com/watch?v=iMABxN0D1yY,2,False,local
ezQ8q8eoTfc,Autoboutique 1/4 de Milla,"217. Mazda más barato, filtran nuevo GTI, GMC en China",https://www.youtube.com/watch?v=ezQ8q8eoTfc,2,False,local
PpaK84peNKc,Jaime Gabaldoni,El BMW iX 50 2022 es superior al Tesla Model X | Primeras Impresiones,https://www.youtube.com/watch?v=PpaK84peNKc,1,False,local
c1v4SIL4Q3U,CarsLatino,HONDA vs NISSAN ¿Cual es la Reina de las Suv? *CarsLatino*,https://www.youtube.com/watch?v=c1v4SIL4Q3U,2,False,local
NY2ykbBPawA,Sergio Oliveira,Chirey Omoda 5,https://www.youtube.com/watch?v=NY2ykbBPawA,2,False,local
r84fMyjdmYU,El Dios de los Autos,FORD RAPTOR 2021 DESTROZA A RAM 1500 TRX Y TE EXPLICO POR QUÉ,https://www.youtube.com/watch?v=r84fMyjdmYU,1,False,local
RlYrDLaCEIg,Sergio Oliveira,Mercedes-Benz E 200 vs Infiniti Q70,https://www.youtube.com/watch?v=RlYrDLaCEIg,3,False,local
-_wYK6bMjs0,CarsLatino,CAMBIOS AL HONDA CIVIC! SSC TUATARA! GMC HUMMER EV Y MAS! - CLN ep1 - *CarsLatino*,https://www.youtube.com/watch?v=-_wYK6bMjs0,2,False,local
cK6f83vbtJ4,CarsLatino,Se INCENDIAN los Autos Kia y Hyundai ¿Que Esta Pasando? *CarsLatino*,https://www.youtube.com/watch?v=cK6f83vbtJ4,2,False,local
